pid,st_ts(mili-sec),end_ts(mili-sec),total_steps
1,1449102367000,1449103788000,1881
1,1449315192000,1449316141000,1453
1,1453768936000,1453769884000,1302
1,1455353224000,1455354492000,1841
1,1455357095000,1455358313000,1935
1,1455563969000,1455565183000,1397
1,1455669068000,1455669968000,1315
1,1455686137000,1455687139000,1407
1,1455701923000,1455702925000,1471
1,1456290955000,1456292114000,1875
1,1456321669000,1456323039000,1658
1,1462485399000,1462486716000,1714
1,1462536901000,1462538009000,1462
1,1462807138000,1462808085000,935
1,1462978499000,1462980765000,2884
1,1472411865000,1472414136000,2610
1,1472781345000,1472782926000,2148
1,1473297917000,1473299128000,1564
2,1472074452000,1472075585000,1444
2,1472084136000,1472085265000,1500
2,1472237581000,1472238497000,1207
2,1472526608000,1472527794000,1630
2,1474741722000,1474743663000,2401
2,1474741722000,1474743663000,2401
2,1474828183000,1474829425000,1403
2,1474828183000,1474829425000,1403
2,1474828183000,1474829425000,1403
2,1476332207000,1476333231000,1611
2,1476332207000,1476333231000,1611
2,1476332207000,1476333231000,1611
2,1476332207000,1476333231000,1611
2,1476332207000,1476333231000,1611
2,1477512377000,1477513511000,1505
2,1477512377000,1477513511000,1505
2,1477512377000,1477513511000,1505
2,1477512377000,1477513511000,1505
2,1477512377000,1477513511000,1505
3,1449538768000,1449539755000,1410
3,1453240284000,1453241331000,1282
3,1453754919000,1453755915000,1541
3,1453939633000,1453940646000,1131
3,1454602565000,1454604108000,2569
3,1455499658000,1455500604000,1506
3,1455675099000,1455676113000,706
3,1455848469000,1455850111000,1309
3,1456154132000,1456155478000,1780
3,1456694785000,1456696047000,609
3,1457905903000,1457907048000,1526
3,1459288513000,1459289569000,414
3,1460512621000,1460513833000,487
3,1472012196000,1472013971000,2417
3,1472182133000,1472183198000,1120
3,1472275386000,1472276549000,1672
3,1472502974000,1472503935000,1350
3,1472677761000,1472679025000,1833
3,1473986961000,1473989190000,2555
3,1474254716000,1474257602000,3211
3,1474254716000,1474257602000,3211
3,1474254716000,1474257602000,3211
3,1474254716000,1474257602000,3211
3,1474254716000,1474257602000,3211
3,1474254716000,1474257602000,3211
3,1474680970000,1474682388000,2069
3,1474680970000,1474682388000,2069
3,1474680970000,1474682388000,2069
3,1474680970000,1474682388000,2069
3,1474680970000,1474682388000,2069
3,1474680970000,1474682388000,2069
3,1474680970000,1474682388000,2069
3,1474680970000,1474682388000,2069
3,1474680970000,1474682388000,2069
3,1475352895000,1475355479000,2584
3,1475352895000,1475355479000,2584
3,1475352895000,1475355479000,2584
3,1475352895000,1475355479000,2584
3,1475352895000,1475355479000,2584
3,1475951495000,1475952760000,1969
3,1475958143000,1475959205000,1537
3,1475951495000,1475952760000,1969
3,1475958143000,1475959205000,1537
3,1476385557000,1476388338000,50
3,1478375522000,1478376736000,1546
3,1478375522000,1478376736000,1546
3,1478375522000,1478376736000,1546
3,1478375522000,1478376736000,1546
3,1478375522000,1478376736000,1546
3,1478375522000,1478376736000,1546
3,1478375522000,1478376736000,1546
3,1478375522000,1478376736000,1546
3,1478375522000,1478376736000,1546
3,1478375522000,1478376736000,1546
3,1479746870000,1479750929000,755
3,1480469196000,1480470766000,2658
3,1480469196000,1480470766000,2658
3,1480469196000,1480470766000,2658
3,1480469196000,1480470766000,2658
3,1480469196000,1480470766000,2658
3,1480469196000,1480470766000,2658
3,1480469196000,1480470766000,2658
3,1480469196000,1480470766000,2658
3,1480469196000,1480470766000,2658
3,1480469196000,1480470766000,2658
4,1449258933000,1449260082000,1559
4,1449623345000,1449625330000,3052
4,1449872409000,1449875542000,2943
4,1450316186000,1450317390000,1347
4,1452553536000,1452554739000,1302
4,1453410357000,1453411300000,1260
4,1453490433000,1453491739000,1129
4,1453669696000,1453671002000,1719
4,1453987819000,1453988811000,1365
4,1454017174000,1454018219000,922
4,1454213695000,1454214948000,1471
4,1454283868000,1454285018000,1040
4,1454771839000,1454772779000,1543
4,1458413006000,1458419494000,6648
4,1461950018000,1461951221000,1485
4,1462120340000,1462121332000,1588
4,1471731552000,1471732488000,955
4,1471751306000,1471753282000,2167
4,1474577157000,1474578093000,1380
4,1475108502000,1475109489000,1549
4,1477448941000,1477449929000,1412
